_id,address_info,name,category,phone,email,website,geoid,received_date,address_point_id,address_number,linear_name_full,address_full,postal_code,municipality,city,place_name,general_use_code,lo_num,lo_num_suf,hi_num,hi_num_suf,linear_name_id,ward,ward_2003,ward_2018,mi_prinx,attraction,map_access,coordinate_1,coordinate_2
1,,BMO Field,Sports / Entertainment Venue,416-815-5982,,https://www.bmofield.com/,2.0229243E7,,2.0229243E7,170.0,Princes' Blvd,170 Princes' Blvd,M6K 3C3,former Toronto,Toronto,CNE BMO Field,107007.0,170.0,,,,20228.0,Spadina-Fort York,19.0,10.0,4163950.0,"BMO Field is home to the Toronto FC (Major League Soccer), Canada''s national soccer team, and the home of the Toronto Argonauts (Canadian Football League).",Y,-79.4184156138918,43.6346633567159
2,,Aga Khan Museum,Museum,416-646-4677,,https://www.agakhanmuseum.org/,1.0142948E7,,1.0142948E7,77.0,Wynford Dr,77 Wynford Dr,M3C 1K1,North York,Toronto,,107008.0,77.0,,,,7128.0,Don Valley East,26.0,16.0,4094277.0,"Dedicated to sharing the artistic, intellectual, and scientific contributions that Islamic civilizations and cultures have made to world heritage.",Y,-79.3318039207097,43.7273310268744
3,,Scotiabank Arena (formerly Air Canada Centre),Sports / Entertainment Venue,416-815-5500,,https://www.scotiabankarena.com/,7929257.0,,7929257.0,40.0,Bay St,40 Bay St,M5J 2X2,former Toronto,Toronto,Scotiabank Arena,107010.0,40.0,,,,2962.0,Spadina-Fort York,28.0,10.0,3176821.0,"The Scotiabank Arena is a multi-purpose indoor sporting arena and concert venue. It is the home of the Toronto Maple Leafs Hockey Club, the Toronto Raptors basketball team, and the Toronto Rock Lacrosse team.",Y,-79.3788009534123,43.6454365794855
4,,Al Green Theatre (at the Miles Nadal Jewish Community Centre),Performing Arts,416-924-6211,,http://www.algreentheatre.ca/,8418224.0,,8418224.0,750.0,Spadina Ave,750 Spadina Ave,M5S 2J2,former Toronto,Toronto,Miles Nadal Jewish Community Centre,115001.0,750.0,,,,4426.0,University-Rosedale,20.0,11.0,1951177.0,"The Al Green Theatre is used  for social and corporate event, theatre, film, concerts, dance; and lectures.",N,-79.4038625877276,43.6682055734258
5,,Alexander Muir Memorial Gardens,Nature/ Park,416-338-4386,,https://www.toronto.ca/data/parks/prd/facilities/complex/193/index.html,1.0154587E7,,1.0154587E7,2901.0,Yonge St,2901 Yonge St,,former Toronto,Toronto,,106001.0,2901.0,,,,4733.0,Don Valley West,25.0,15.0,4217141.0,Named after the famous composer Alexander Muir. The gardens act as a path into the tranquil ravine system that includes walking trails. The gardens are open year round.,Y,-79.4009651976758,43.7235314206549
6,,Gallery Indigena,Gallery,416-366-3000,,http://www.galleryindigena.com/,3.0032158E7,,3.0032158E7,46.0,Gristmill Lane,46 Gristmill Lane,M5A 3C4,former Toronto,Toronto,,115001.0,46.0,,,,19554.0,Spadina-Fort York,28.0,10.0,3233105.0,"Located in the Distillery District, the Eskimo Art Gallery offers Inuit art.",N,-79.3598410390005,43.6520604856909
7,,Allan Gardens,Nature/ Park,416-392-7288,,https://www.toronto.ca/data/parks/prd/facilities/complex/41/index.html,1.238769E7,,1.238769E7,19.0,Horticultural Ave,19 Horticultural Ave,M5A 2P2,former Toronto,Toronto,,115001.0,19.0,,,,3695.0,Toronto Centre,27.0,13.0,3358221.0,Allan Gardens is a park and indoor botanical garden built in 1910. The building houses six greenhouses featuring plants and flowers from across the globe. Open year round and free to the public.,Y,-79.3745508759398,43.6629442642063
8,,Alumnae Theatre,Performing Arts,416-364-4170,,https://www.alumnaetheatre.com/,1.1070101E7,,1.1070101E7,70.0,Berkeley St,70 Berkeley St,M5A 2W6,former Toronto,Toronto,,115001.0,70.0,,,,2995.0,Toronto Centre,28.0,13.0,2198005.0,The theatre company is housed inside an old firehall and is the oldest theatre society in Toronto. Each year the company offers three productions.,Y,-79.3647507641734,43.6547408646452
9,,Art Gallery of Ontario,Gallery,416-979-6648,,https://ago.ca/,796549.0,,796549.0,317.0,Dundas St W,317 Dundas St W,M5T 1G4,former Toronto,Toronto,,107010.0,317.0,,,,558.0,Spadina-Fort York,20.0,10.0,3838389.0,"The Art Gallery of Ontario (AGO) is one of the largest art galleries in North America, and holds more than 80,000 works in its collection. In 2008 the building was redesigned by famous architect and native Torontonian, Frank Gehry.",Y,-79.3923703658983,43.6555102789373
10,,Ashbridges Bay Park,Nature/ Park,416-392-2489,,https://www.toronto.ca/data/parks/prd/facilities/complex/1/index.html,7650406.0,,7650406.0,1675.0,Lake Shore Blvd E,1675 Lake Shore Blvd E,M4L 3W6,former Toronto,Toronto,,106001.0,1675.0,,,,3803.0,Beaches-East York,32.0,19.0,4149245.0,"Ashbridges Bay waterfront park features large beaches, fishing areas, a marina, and the Woodbine Beach boardwalk.",Y,-79.3109772629253,43.663540534279
11,,Bluffer's Park and Beach (Scarborough Bluffs),Nature/ Park,416-392-2489,,https://www.toronto.ca/data/parks/prd/facilities/complex/2/index.html,1.407765E7,,1.407765E7,1.0,Brimley Rd S,1 Brimley Rd S,,Scarborough,Toronto,Bluffer's Park,106001.0,1.0,,,,10496.0,Scarborough Southwest,36.0,20.0,3837195.0,"Providing a beautiful backdrop for locals and visitors alike, the Bluffs are one of Toronto''s great natural wonders.",Y,-79.2347677158986,43.708204762686
12,,Artscape Wychwood Barns,Landmark,416-338-4386,,https://artscapewychwoodbarns.ca/,887004.0,,0.0,76.0,Wychwood Ave,76 Wychwood Ave,M6G 2X7,former Toronto,Toronto,,0.0,0.0,,,,0.0,Toronto-St. Paul's,21.0,12.0,0.0,"A heritage building converted into a community centre that hosts many events, festivals, farmers market and a children''s theatre.",,-79.4227256643923,43.6818791350469
13,,BAPS Shri Swaminarayan Mandir,Landmark,416-798-2277,,http://www.baps.org/Global-Network/North-America/Toronto.aspx,7063040.0,,7063040.0,61.0,Claireville Dr,61 Claireville Dr,M9W 5Z7,Etobicoke,Toronto,,114001.0,61.0,,,,1350.0,Etobicoke North,1.0,1.0,2361585.0,"This unique-to-Canada architectural monument is made with 24,000 pieces of marble and stone. Discover the more than 10,000-year-old heritage of India.",Y,-79.6248083236811,43.7412808602927
14,,Beanfield Centre,Convention & Trade Centres,416-263-3000,,https://www.beanfieldcentre.com/,1.3497744E7,,1.3497744E7,105.0,Princes' Blvd,105 Princes' Blvd,M6K 3C3,former Toronto,Toronto,CNE Automotive Bldg,107007.0,105.0,,,,20228.0,Spadina-Fort York,19.0,10.0,4163970.0,The Beanfield Centre (formerly Allstream Centre) is an environmentally friendly conference venue.,Y,-79.4104479776446,43.6360299059783
15,,Berkeley Street Theatre,Performing Arts,416-367-8243,,https://www.canadianstage.com/Online/default.asp?BOparam::WScontent::loadArticle::permalink=berkeley&BOparam::WScontent::loadArticle::context_id=,8354326.0,,8354326.0,26.0,Berkeley St,26 Berkeley St,M5A 2W3,former Toronto,Toronto,,115001.0,26.0,,,,2995.0,Toronto Centre,28.0,13.0,3277000.0,"Home to the Canadian Stage Company, the Berkeley Street Theatre presents an array of Canadian and international performances.",N,-79.3640604980114,43.6525759671447
16,,Betty Oliphant Theatre (at Canada's National Ballet School),Performing Arts,416-964-3780,,https://www.nbs-enb.ca/venue-rentals/betty-oliphant-theatre,1.0924127E7,,1.0924127E7,404.0,Jarvis St,404 Jarvis St,M4Y 2G6,former Toronto,Toronto,,115001.0,404.0,,,,3741.0,Toronto Centre,27.0,13.0,1781615.0,"Designed by Jack Diamond, the Betty Oliphant Theatre is used by the Canada National Ballet School as a training and performance venue.",N,-79.3778819880894,43.6662605166366
17,,Billy Bishop Toronto City Airport,Transportation,416-203-6942,,https://www.billybishopairport.com/,8491775.0,,8491775.0,4.0,Eireann Quay,4 Eireann Quay,M5V 0R7,former Toronto,Toronto,Island Airport,108005.0,4.0,,,,19008.0,Spadina-Fort York,20.0,10.0,3341446.0,"Located minutes from the downtown core, Billy Bishop Airport serves nearby Canadian and American cities.",Y,-79.3972835619535,43.6359262833011
18,,Hudson's Bay,Landmark,416-861-9111,,https://www.thebay.com/,8677040.0,,8677040.0,176.0,Yonge St,176 Yonge St,M5C 2L7,former Toronto,Toronto,,115001.0,176.0,,,,4733.0,Toronto Centre,28.0,13.0,2103897.0,"Famously known as being North America''s oldest company, the Hudson Bay is a chain of department stores  that operate throughout the country.",Y,-79.3800976787492,43.6537413069459
19,,Black Creek Pioneer Village,Museum,416-736-1733,,https://blackcreek.ca/,544620.0,,544620.0,1000.0,Murray Ross Pkwy,1000 Murray Ross Pkwy,M3J 2P3,North York,Toronto,,107008.0,1000.0,,,,6264.0,Humber River-Black Creek,8.0,7.0,4190714.0,"Become immersed in the lifestyles, customs, and surroundings of early residents who built the foundations for modern Toronto and Ontario at this 30-acre site.",Y,-79.5178421019667,43.7767692158923
20,,Buddies in Bad Times Theatre,Performing Arts,416-975-8555,,https://buddiesinbadtimes.com/,7730175.0,,7730175.0,12.0,Alexander St,12 Alexander St,M4Y 1B4,former Toronto,Toronto,,107002.0,12.0,,,,9761.0,Toronto Centre,27.0,13.0,4095934.0,"Buddies in Bad Times theatre is the biggest, and the longest-running queer theatre in the world.",Y,-79.3828631217741,43.6653085812975
21,,Budweiser Stage (formerly Molson Canadian Amphitheatre),Sports / Entertainment Venue,416-260-5600,,https://www.livenation.com/venue/KovZpZAEkkIA/budweiser-stage-events,2.0100991E7,,2.0100991E7,909.0,Lake Shore Blvd W,909 Lake Shore Blvd W,M6K 3L3,former Toronto,Toronto,Budweiser Stage,107002.0,909.0,,,,1962.0,Spadina-Fort York,19.0,10.0,3194249.0,"Located within the Ontario Place grounds, the Budweiser Stage offers concert goers an excellent outdoors venue.",Y,-79.4149144290634,43.6313239897966
22,,Campbell House,Museum,416-597-0227,,http://www.campbellhousemuseum.ca/,8067818.0,,8067818.0,160.0,Queen St W,160 Queen St W,M5H 3H3,former Toronto,Toronto,Sir William Campbell House Museum - Building Grounds,115001.0,160.0,,,,4238.0,Spadina-Fort York,20.0,10.0,3837738.0,The Campbell house dates back to 1822 and was once home to Judge William Campbell.  It is the last example of Palladian architecture in  Toronto.,Y,-79.3869534917039,43.6529004815823
23,,Canada's Walk of Fame,Landmark,416-367-9255,,https://www.canadaswalkoffame.com/,7929669.0,,7929669.0,215.0,King St W,215 King St W,,former Toronto,Toronto,,115001.0,215.0,,,,3780.0,Spadina-Fort York,20.0,10.0,3836291.0,Canada's Walk of Fame celebrates Canadians who have excelled in their respective fields for at least 10 years. The stars are displayed throughout the Entertainment District along King Street West and Simcoe Street.,Y,-79.3873645899985,43.6489407572229
24,,Chinese Cultural Centre of Greater Toronto,Attraction,416-292-9293,,https://www.cccgt.org/,1.3504489E7,,1.3504489E7,5183.0,Sheppard Ave E,5183 Sheppard Ave E,M1B 5Z5,Scarborough,Toronto,,107010.0,5183.0,,,,6698.0,Scarborough North,42.0,23.0,3814396.0,"The building houses the P.C. Ho theatre, studios, conference rooms, a resource centre, a reception hall and an art gallery.",Y,-79.2332837504065,43.7966759868522
25,,Canadian Museum of Cultural Heritage of Indo-Canadian,Museum,416-798-2277,,https://www.baps.org/cultureandheritage/ExperienceIndia/Exhibitions/CanadianMuseumofCulturalHeritageofIndo-Canadians.aspx,7063040.0,,7063040.0,61.0,Claireville Dr,61 Claireville Dr,M9W 5Z7,Etobicoke,Toronto,,114001.0,61.0,,,,1350.0,Etobicoke North,1.0,1.0,2361585.0,The Canadian Museum of Cultural Heritage of Indo-Canadians is a museum committed to the understanding of India's rich cultural heritage. See BAPS Shri Swaminarayan Mandir.,Y,-79.6248083236811,43.7412808602927
26,,Canadian Sculpture Centre,Gallery,647-435-5858,,https://www.sculptorssocietyofcanada.org/,3.0115345E7,,7730188.0,19.0,Mill St,19 Mill St,M5A 3R6,former Toronto,Toronto,,115001.0,500.0,,,,503.0,Spadina-Fort York,28.0,10.0,2303768.0,The Canadian Scultpture Centre is headquarters to the Sculptors Society of Canada. The society showcases and exibits contemporary Canadian scultpures.,N,-79.3611396471424,43.6522665453388
27,,Casa Loma,Attraction,416-923-1171,,https://casaloma.ca/,1.0663925E7,,1.0663925E7,1.0,Austin Ter,1 Austin Ter,M5R 1X8,former Toronto,Toronto,,107010.0,1.0,,,,2922.0,Toronto-St. Paul's,22.0,12.0,2241692.0,"Canadas foremost castle is complete with decorated suites, secret passages, an 800-foot tunnel, towers, stables, and beautiful 5-acre estate gardens.",Y,-79.4093251494109,43.6801118295003
28,,CBC Museum,Museum,416-205-5574,,https://www.cbc.ca/museum/,1.059828E7,,1.059828E7,250.0,Front St W,250 Front St W,M5V 3G5,former Toronto,Toronto,,115001.0,250.0,,,,3472.0,Spadina-Fort York,20.0,10.0,2650427.0,The CBC Museum features various CBC archival materials that date back to 1936. The museum also features the Graham Spry Theatre and a number of interactive exhibits.,Y,-79.3875038118449,43.6464170196587
29,,Cedar Ridge Creative Centre,Gallery,416-396-4026,,https://www.toronto.ca/explore-enjoy/history-art-culture/cultural-centres-galleries/cedar-ridge-creative-centre/,322165.0,,322165.0,225.0,Confederation Dr,225 Confederation Dr,M1G 1B2,Scarborough,Toronto,,106007.0,225.0,,,,7639.0,Scarborough-Guildwood,43.0,24.0,3838177.0,"Situated in a restored mansion, the centre features the Cedar Ridge gallery and rich gardens. The gallery highlights work from artists throughout the Greater Toronto area.",Y,-79.2069258352205,43.7594306389004
30,,CF Fairview Mall,Landmark,416-491-0151,,https://www.cfshops.com/fairview-mall.html,1.4068149E7,,0.0,1800.0,Sheppard Ave E,1800 Sheppard Ave E,M2J 5A7,North York,Toronto,,0.0,0.0,,,,0.0,Don Valley North,33.0,17.0,0.0,An upscale shopping centre in the north eastern part of Toronto.,,-79.3442952425811,43.7797388046115
31,,Centennial Park,Nature/ Park,416-394-8750,,https://www.toronto.ca/data/parks/prd/facilities/complex/798/index.html,7472090.0,,7472090.0,256.0,Centennial Park Rd,256 Centennial Park Rd,M9C 5N3,Etobicoke,Toronto,Centennial Park - Etobicoke,115001.0,256.0,,,,1322.0,Etobicoke Centre,3.0,2.0,3836085.0,"Centennial Park is situated in Etobicoke and was opened in 1967 to celebrate Canada''s 100th birthday. The park features sports fields, a conservatory, a ski hill, an Olympic size swimming pool, picnic areas and a Frisbee golf course.",Y,-79.5866713806478,43.6593174245531
32,,Centennial Park Conservatory,Nature/ Park,416-394-8543,,https://www.toronto.ca/explore-enjoy/parks-gardens-beaches/gardens-and-horticulture/conservatories/centennial-park-conservatory/,5495477.0,,5495477.0,151.0,Elmcrest Rd,151 Elmcrest Rd,,Etobicoke,Toronto,,106001.0,151.0,,,,1543.0,Etobicoke Centre,3.0,2.0,4200895.0,"The Centennial Park conservatory is located within Centennial Park. At a size of 12,000 square feet it features an arid house, a show house and a tropical house. The conservatory is open year round and is free to the public.",Y,-79.5881487657249,43.6514644687664
33,Located on Toronto Island - take ferry from 9 Queen's Quay West,Centre Island Beach,Nature/ Park,311,,http://app.toronto.ca/tpha/beach/5.html,8133372.0,,8133372.0,1.0,Avenue Of The Islands,1 Avenue Of The Islands,,former Toronto,Toronto,,115001.0,1.0,,,,11373.0,Spadina-Fort York,28.0,10.0,3363020.0,Centre Island Beach also known as Manitou Beach has been used by locals and tourists alike for more than a century. The beach is located on the south end of Centre Island. It is surrounded by park space and amenities such as bike and boat rentals.,Y,-79.3715604620601,43.6185984939237
67,,CF Sherway Gardens,Landmark,416-621-1070,,https://www.cfshops.com/sherway-gardens.html,3327188.0,,0.0,25.0,The West Mall,25 The West Mall,M9C 1B8,Etobicoke,Toronto,,0.0,0.0,,,,0.0,Etobicoke-Lakeshore,5.0,3.0,0.0,An upscale shopping centre in Toronto's West end.,,-79.5570120906651,43.6139454842345
34,Located on Toronto Island - take ferry from 9 Queen's Quay West,Centreville Amusement Park,Attraction,416-203-0405,,http://www.centreisland.ca/,8133385.0,,8133385.0,21.0,Avenue Of The Islands,21 Avenue Of The Islands,,former Toronto,Toronto,,115001.0,21.0,,,,11373.0,Spadina-Fort York,28.0,10.0,4159572.0,"Centreville is a 14-acre, turn-of-the-century, Ontario village theme park for children located on Centre Island, featuring over 30 rides.",Y,-79.3729806810988,43.622406028807
35,,Cherry Beach/ Clarke Beach Park,Nature/ Park,416-338-4386,,https://www.toronto.ca/data/parks/prd/facilities/complex/209/index.html,1.0495088E7,,1.0495088E7,275.0,Unwin Ave,275 Unwin Ave,,former Toronto,Toronto,Cherry Beach Sports Fields,106005.0,275.0,,,,4587.0,Toronto-Danforth,30.0,14.0,4170002.0,"Cherry Beach is located within the port lands and features a dog''s off leash area, the Martin Goodman Trail and a picnic site.",Y,-79.3414268025911,43.6431743573946
36,,Cloud Gardens Conservatory,Garden / Conservatory,416-392-7288,,https://www.toronto.ca/explore-enjoy/parks-gardens-beaches/gardens-and-horticulture/conservatories/cloud-gardens-conservatory/,8677073.0,,8677073.0,14.0,Temperance St,14 Temperance St,M5H 1Y4,former Toronto,Toronto,Cloud Gardens,115001.0,14.0,,,,4536.0,Toronto Centre,28.0,13.0,4250856.0,"Renovated in 2014, the conservatory is situated within the heart of the city''s financial district. It features a small greenhouse that is set to the conditions of a rainforest.",N,-79.3795099556221,43.653075209767
37,,CN Tower,Attraction,416-868-6937,,http://www.cntower.ca/,3.0113619E7,,1.0598279E7,290.0,Bremner Blvd,290 Bremner Blvd,M5V 3L9,former Toronto,Toronto,,107010.0,301.0,,,,3472.0,Spadina-Fort York,20.0,10.0,2252756.0,"The CN Tower is an engineering marvel and one of the city''s most visited sites. It features the world''s highest wine cellar, a fine dining revolving restaurant (360), a glass floor. For the true adventure seeker, the Edge walk.",Y,-79.3865074039913,43.6439027446131
38,,Colborne Lodge,Museum,416-392-6916,,https://www.toronto.ca/explore-enjoy/history-art-culture/museums/colborne-lodge/,7730490.0,,7730490.0,11.0,Colborne Lodge Dr,11 Colborne Lodge Dr,,former Toronto,Toronto,Colborne Lodge(Howard House),107008.0,11.0,,,,3197.0,Parkdale-High Park,13.0,4.0,3816049.0,This quaint cottage located within High Park was home to John and Jemma Howard. In 1873 the couple deeded the part to lodge to the City of Toronto. The house is a great example of a regency style building.,Y,-79.4597662106434,43.6423463729116
39,,Dancemakers and the Centre for Creation,Performing Arts,416-367-1800,,http://dancemakers.org/,3.0032097E7,,3.0032097E7,9.0,Trinity St,9 Trinity St,M5A 3C4,former Toronto,Toronto,,115001.0,9.0,,,,4574.0,Spadina-Fort York,28.0,10.0,3232761.0,"One of Toronto''s professional contemporary dance companies, Dancemakers and the Centre for Creation is focused on the delivery of refined and passionate dance to its admirers.",N,-79.359060552096,43.6520247718486
40,,Design Exchange,Museum,416-363-6121,,https://dx.org/,1.4206258E7,,1.4206258E7,234.0,Bay St,234 Bay St,,former Toronto,Toronto,,115001.0,234.0,,,,2962.0,Spadina-Fort York,28.0,10.0,2593198.0,Canada's only museum dedicated to the preservation of design which includes the design heritage from an array of mediums.,Y,-79.3802838161557,43.6501438483124
41,,Downsview Park,Nature/ Park,416-952-2222,,https://en.downsviewpark.ca/home,1.3494845E7,,1.3494845E7,35.0,Carl Hall Rd,35 Carl Hall Rd,M3K 2E2,North York,Toronto,,113001.0,35.0,,,,11506.0,York Centre,9.0,6.0,3011325.0,"The vast green space allows for an array of small-to-large scale events such as culture, dining, leisure, sports, and recreation.",Y,-79.4789616449492,43.7486565893989
42,,Ed Mirvish Theatre,Performing Arts,416-872-1212,,https://www.mirvish.com/theatres/ed-mirvish-theatre,1.4199877E7,,1.4199877E7,244.0,Victoria St,244 Victoria St,M5B 1V8,former Toronto,Toronto,,115001.0,244.0,,,,9790.0,Toronto Centre,27.0,13.0,2398205.0,"A part of the Toronto theatre scene since 1920, the Ed Mirvish Theatre is a picturesque theatre to view special presentations ranging from concerts, comedy, plays, and many more.",Y,-79.3791989964706,43.6572449292893
43,,Elgin and Winter Garden Theatre Centre,Performing Arts,416-314-2901,,http://www.heritagetrust.on.ca/ewg/home.aspx,7762814.0,,7762814.0,189.0,Yonge St,189 Yonge St,M5B 1M4,former Toronto,Toronto,,107002.0,189.0,,,,4733.0,Toronto Centre,27.0,13.0,2001997.0,The Elgin and Winter Garden Theatre features two completely separate theatres and is the last running double-decker theatre in the world .,Y,-79.3790010464263,43.6550551232493
44,,Enercare Centre,Convention & Trade Centres,416-263-3000,,https://www.enercarecentre.com/,1.3497734E7,,1.3497734E7,100.0,Princes' Blvd,100 Princes' Blvd,M6K 3C3,former Toronto,Toronto,CNE Direct Energy Centre,107007.0,100.0,,,,20228.0,Spadina-Fort York,19.0,10.0,4163968.0,"The largest convention centre in Canada, over 180 trade and consumer shows are hosted annually.",Y,-79.4123529029789,43.6365299779587
45,,Evergreen Brick Works,Attraction,416-596-1495,,http://www.evergreen.ca/get-involved/evergreen-brick-works/,17494.0,,17494.0,550.0,Bayview Ave,550 Bayview Ave,M4W 3X8,East York,Toronto,Don Valley Brick Works,113001.0,550.0,,,,24.0,University-Rosedale,29.0,11.0,4068255.0,"A former brickyard, the Evergreen Brick Works is an urban model for ecosystem planning. Filled with activities for the whole family and a farmers market.",Y,-79.3654285356436,43.6857816393402
46,,Exhibition Place,Convention & Trade Centres,416-263-3000,,https://www.explace.on.ca/,1.3497734E7,,1.3497734E7,100.0,Princes' Blvd,100 Princes' Blvd,M6K 3C3,former Toronto,Toronto,,107007.0,100.0,,,,20228.0,Spadina-Fort York,19.0,10.0,4163968.0,"Attracting over 5 million visitors a year, this massive complex features sporting and exhibition facilities, a nightclub and attractions.",Y,-79.4123529029789,43.6365299779587
47,,Factory Theatre,Performing Arts,416-504-9971,,https://www.factorytheatre.ca,8457322.0,,8457322.0,125.0,Bathurst St,125 Bathurst St,M5V 2R2,former Toronto,Toronto,,115001.0,125.0,,,,436.0,Spadina-Fort York,20.0,10.0,2383679.0,"The Factory Theatre operates two theatres in a  Victorian mansion, where they have produced more than 150 Canadian plays, and various workshops.",Y,-79.4025154741294,43.6475701365985
48,,Famous PEOPLE Players,Performing Arts,416-532-1137,,https://famouspeopleplayers.com/,3.0063014E7,,3.0063014E7,343.0,Evans Ave,343 Evans Ave,M8Z 1K2,Etobicoke,Toronto,,112001.0,343.0,,,,1575.0,Etobicoke-Lakeshore,6.0,3.0,3814167.0,"Located in Toronto''s West End, Famous PEOPLE Players allows visitors to immerse themselves in a unique dining experience while enjoying theatre in the dark.",Y,-79.5205713396751,43.6171616064062
49,,Fort York National Historic Site,Museum,416-392-6907,,https://www.toronto.ca/explore-enjoy/history-art-culture/museums/fort-york-national-historic-site/,3.0104716E7,,3.0017954E7,250.0,Fort York Blvd,250 Fort York Blvd,M5V 3K9,former Toronto,Toronto,,104008.0,250.0,,,,15826.0,Spadina-Fort York,19.0,10.0,3004743.0,"Birthplace of Toronto in 1793 and scene of the Battle of York in 1813, Fort York has Canadas largest collection of original War of 1812 buildings. Open year round for tours, exhibits, and demonstrations.",Y,-79.4061161837391,43.639863953045
50,,Four Seasons Centre for the Performing Arts,Performing Arts,416-363-8231,,https://www.coc.ca/venue-information/fourseasonscentre,856378.0,,856378.0,145.0,Queen St W,145 Queen St W,M5H 4G1,former Toronto,Toronto,,107002.0,145.0,,,,4238.0,Spadina-Fort York,28.0,10.0,1884457.0,The Four Seasons Centre for the Performing Arts is home to the Canadian Opera Company and the National Ballet of Canada.,Y,-79.3856071743879,43.6526174268151
51,Approximate address - Located on Toronto Island - take ferry from 9 Queen's Quay West,Franklin Children's Garden,Garden / Conservatory,416-397-2628,,https://www.toronto.ca/data/parks/prd/facilities/complex/1806/index.html,1.4258202E7,,1.4258202E7,30.0,Centre Island Pk,30 Centre Island Pk,M5J 2E9,former Toronto,Toronto,,102008.0,30.0,,,,17507.0,Spadina-Fort York,28.0,10.0,1713485.0,"The garden, inspired by Franklin the Turtle, is an area to discover nature, play, while learning something new.",N,-79.3781879875639,43.6176993777379
52,,Gardiner Museum of Ceramic Art,Museum,416-586-8080,,https://www.gardinermuseum.on.ca/,8408486.0,,8408486.0,111.0,Queen's Park,111 Queen's Park,M5S 2C7,former Toronto,Toronto,,115001.0,111.0,,,,11267.0,University-Rosedale,27.0,11.0,2942367.0,"A museum dedicated to one of the oldest forms of art. The Gardiner Museum of Ceramic Art is home to over 3,000 historical and contemporary ceramic pieces.",Y,-79.3933098536899,43.6699840647769
53,,George Ignatieff Theatre,Performing Arts,416-978-3862,,https://www.trinity.utoronto.ca/discover/catering-events/george-ignatieff-theatre/,8408609.0,,8408609.0,15.0,Devonshire Pl,15 Devonshire Pl,M5S 2C8,former Toronto,Toronto,,107002.0,15.0,,,,3293.0,University-Rosedale,20.0,11.0,2163690.0,"In the Trinity College community, the George Ignatieff Theatre acts as a creative hub ranging from events like theatre, conferences, and much more.",N,-79.3969113276129,43.6678409749322
54,Located on Toronto Island - take ferry from 9 Queen's Quay West to Centre Island,Gibraltar Point Beach,Nature/ Park,311,,http://app.toronto.ca/tpha/beach/4.html,8133458.0,,8133458.0,443.0,Lakeshore Ave,443 Lakeshore Ave,M5J 2W2,former Toronto,Toronto,,115001.0,443.0,,,,3802.0,Spadina-Fort York,28.0,10.0,4230440.0,"Surrounded by eastern cottonwood trees, the Gibraltar Point Beach is located on the southwest shore of Toronto Island Park. The Gibraltar Point Centre for the Arts is walking distance from the beach.",Y,-79.3834808370525,43.6150880577782
55,,Gibson House Museum,Museum,416-395-7432,,https://www.toronto.ca/explore-enjoy/history-art-culture/museums/gibson-house-museum/,7131356.0,,7131356.0,5172.0,Yonge St,5172 Yonge St,M2N 5P6,North York,Toronto,Gibson House - Building Grounds,107008.0,5172.0,,,,4733.0,Willowdale,23.0,18.0,3838012.0,"Operated  by the City of Toronto, the Gibson House is a museum where visitors experience an exquisite farmhouse and learn more about the rural development of the area.",Y,-79.4144696624001,43.7716851088223
56,,Glen Rouge Campground,Nature/ Park,416-661-6600,,http://www.rougepark.com/explore/interest/campground.php,1.0223028E7,,1.0223028E7,7450.0,Kingston Rd,7450 Kingston Rd,M1B 0B7,Scarborough,Toronto,,106001.0,7450.0,,,,3786.0,Scarborough-Rouge Park,44.0,25.0,3838129.0,"Toronto''s only campground, the Glen Rouge is surrounded by luscious forests and meadows. The campground implements seasonal full-service camping.",Y,-79.1371420074854,43.8068511552017
57,,Glenn Gould Studio,Performing Arts,416-205-5000,,https://www.cbc.ca/glenngouldstudio/,1.059828E7,,1.059828E7,250.0,Front St W,250 Front St W,M5V 3G5,former Toronto,Toronto,,115001.0,250.0,,,,3472.0,Spadina-Fort York,20.0,10.0,2650427.0,"Located on the main floor of the Canadian Broadcasting Centre,  the Glenn Gould Studio is a much-celebrated venue for its state of the art recording facilities and acoustics.",Y,-79.3875038118449,43.6464170196587
58,,Guild Park and Gardens (formely known as Guildwood Park),Nature/ Park,416-392-2489,,https://www.toronto.ca/data/parks/prd/facilities/complex/406/index.html,6620192.0,,6620192.0,201.0,Guildwood Pkwy,201 Guildwood Pkwy,M1E 1P5,Scarborough,Toronto,Guildwood Park,115001.0,201.0,,,,8047.0,Scarborough-Guildwood,43.0,24.0,4173415.0,"A sculptural alluring park and garden, the Guild Park and Gardens is rich in local history and a must-see for locals and visitors alike.",Y,-79.1914596053353,43.7497166519208
59,,Toronto Coach Terminal,Transportation,311,,https://www.greyhound.ca/en/locations/terminal.aspx?city=126300,7792271.0,,7792271.0,610.0,Bay St,610 Bay St,M5G 1M5,former Toronto,Toronto,,115001.0,610.0,,,,2962.0,University-Rosedale,27.0,11.0,2164073.0,The Toronto Coach Terminal provides travellers with bus service to various cities in North America.,Y,-79.3842298691055,43.6581724761526
60,Approximate address - Located on Toronto Island - take ferry from 9 Queen's Quay West to Hanlan's Point,Hanlan's Point Beach,Nature/ Park,416-392-8196,,https://www.toronto.ca/data/parks/prd/facilities/complex/2541/index.html,8133591.0,,8133591.0,695.0,Lakeshore Ave,695 Lakeshore Ave,,former Toronto,Toronto,,115001.0,695.0,,,,3802.0,Spadina-Fort York,28.0,10.0,3363008.0,"Situated on the west shore of Toronto Island Park, this beach is Toronto''s only clothing optional beach.",Y,-79.3910405013224,43.6212974492459
61,,Harbourfront Centre,Performing Arts,416-973-4000,,http://www.harbourfrontcentre.com/,1.1226853E7,,1.1226853E7,235.0,Queens Quay W,235 Queens Quay W,M5J 2G8,former Toronto,Toronto,,115001.0,235.0,,,,4244.0,Spadina-Fort York,20.0,10.0,1995833.0,"Popular 10-acre lakeside cultural site offers an eclectic blend of year-round arts, culture and recreation such as concerts, skating, music festivals and dance.",Y,-79.3829059195592,43.6412311144729
62,,Hart House Theatre,Performing Arts,416-978-8849,,https://harthouse.ca/,8128861.0,,8128861.0,7.0,Hart House Crcl,7 Hart House Crcl,M5S 3H3,former Toronto,Toronto,Hart House,102008.0,7.0,,,,9333.0,University-Rosedale,20.0,11.0,2984413.0,"A point of interest in the University of Toronto community, the Hart House Theatre and it''s students produce an array of drama, dance, film, and music.",N,-79.3943638456796,43.665710787682
63,,High Park,Nature/ Park,416-338-0338,,http://www.highparktoronto.com/,1.025006E7,,1.025006E7,1873.0,Bloor St W,1873 Bloor St W,,former Toronto,Toronto,,106001.0,1873.0,,,,458.0,Parkdale-High Park,13.0,4.0,3837548.0,"High Park is one of Torontos largest parks, and attracts visitors each spring for the blooming of its famous cherry blossoms. It also contains attractions and amenities such as recreational programs, a local zoo, a unique playground and a pond.",Y,-79.4638894359047,43.6555675931873
64,,Historic Zion Schoolhouse,Museum,416-395-7435,,https://www.toronto.ca/explore-enjoy/history-art-culture/museums/zion-schoolhouse/,1.4070727E7,,1.4070727E7,1091.0,Finch Ave E,1091 Finch Ave E,M2J 2X3,North York,Toronto,Historic Zion Schoolhouse - Building Grounds,107008.0,1091.0,,,,5589.0,Don Valley North,33.0,17.0,4061863.0,"Built in 1869, the Historic Zion Schoolhouse has been restored to emulate schooling as it once was in the farming  district of L''Amaroux",Y,-79.3632085337711,43.7923643845881
65,,Hockey Hall of Fame,Attraction,416-360-7765,,https://www.hhof.com/,8676865.0,,8676865.0,30.0,Yonge St,30 Yonge St,M5E 1X8,former Toronto,Toronto,,115001.0,30.0,,,,4733.0,Toronto Centre,28.0,13.0,1981812.0,"Unique to Toronto, and featuring the Stanley Cup, interactive exhibits, shows, and the finest collection of hockey artifacts in the world.",Y,-79.3771834948678,43.6491126580005
66,,HTO Park,Nature/ Park,416-392-8188,,https://www.toronto.ca/data/parks/prd/facilities/complex/1663/index.html,1.406905E7,,1.406905E7,339.0,Queens Quay W,339 Queens Quay W,M5V 1A2,former Toronto,Toronto,"Hto Park,Maple Leaf Quay",103005.0,339.0,,,,4244.0,Spadina-Fort York,20.0,10.0,4061713.0,"Facing the inner harbour with Toronto Island Park in clear viewing,  HTO Park includes an urban beach which is decorated with yellow umbrellas and Muskoka chairs.",Y,-79.3884137394709,43.6396899709567
68,,Humber Arboretum,Nature/ Park,416-675-5009,,https://humber.ca/arboretum/,1.2387605E7,,1.2387605E7,205.0,Humber College Blvd,205 Humber College Blvd,M9W 5L7,Etobicoke,Toronto,Humber College Athletic Centre,102006.0,205.0,,,,1827.0,Etobicoke North,1.0,1.0,3212518.0,"Located nearby the West Humber River Valley, the Humber Arboretum offers trails through environmentally-rich areas like forests, and wetlands.",Y,-79.6066478939633,43.7311644715016
69,,Humber Bay Park (Humber Bay Butterfly Habitat),Nature/ Park,311,,https://www.toronto.ca/data/parks/prd/facilities/complex/1074/index.html,1.1272401E7,,1.1272401E7,100.0,Humber Bay Park Rd W,100 Humber Bay Park Rd W,M8V 3X7,Etobicoke,Toronto,Humber Bay Park East,106008.0,100.0,,,,10882.0,Etobicoke-Lakeshore,6.0,3.0,4063710.0,"Located at a waterfront park at the mouth of Mimico Creek, the Humber Bay Butterfly Habitat is focused on providing habitat for an array of native butterfly species.",Y,-79.4808865786305,43.6207767090691
70,,Isabel Bader Theatre,Performing Arts,416-585-4498,,https://www.vicu.utoronto.ca/hospitality-services/hold-an-event/isabel-bader-theatre/,2.0169543E7,,2.0169543E7,93.0,Charles St W,93 Charles St W,M5S 1K5,former Toronto,Toronto,,102008.0,93.0,,,,3146.0,University-Rosedale,27.0,11.0,2862495.0,"Located at the University of Toronto, this multi-purpose venue seats 500 patrons whether it be for a lecture, workshop, or a theatrical production.",N,-79.3922191863739,43.6692973563057
71,,Jack Layton Ferry Terminal,Transportation,416-392-8193,,https://www.toronto.ca/explore-enjoy/parks-gardens-beaches/toronto-island-park/all-ferry-schedules/,8676757.0,,8676757.0,9.0,Queens Quay W,9 Queens Quay W,M5J 2H3,former Toronto,Toronto,,108008.0,9.0,,,,4244.0,Spadina-Fort York,28.0,10.0,2756535.0,"Located at the foot of Bay Street and Queens Quay West, the  Jack Layton Ferry Terminal acts as a commuting point to and from the Toronto Island Park with frequent ferry service.",Y,-79.3748918078571,43.6424400155539
72,,James Garden Park,Garden / Conservatory,416-392-8188,,https://www.toronto.ca/data/parks/prd/facilities/complex/3/index.html,2.0350827E7,,998509.0,99.0,Edenbridge Dr,99 Edenbridge Dr,,Etobicoke,Toronto,Scarlett Mills Park,106005.0,61.0,,,,1524.0,Etobicoke Centre,4.0,2.0,2331546.0,"Former estate gardens located in Toronto''s west end that include rare trees, spring-fed pools, and other seasonal displays.",N,-79.5159025090234,43.6733653894034
73,,Japan Foundation,Museum,416-966-1600,,https://jftor.org/,8535820.0,,8535820.0,2.0,Bloor St E,2 Bloor St E,M4W 1A8,former Toronto,Toronto,,107010.0,2.0,,,,3020.0,University-Rosedale,27.0,11.0,3005179.0,A cultural establishment aiming towards effective development of its international cultural exchange programs in Japanese arts and cultural exchange.,N,-79.3853521559838,43.6727178589291
74,Located inside Beaches Park,Balmy Beach Park,Nature/ Park,311,,http://app.toronto.ca/tpha/beach/9.html,6303047.0,,7683571.0,1.0,Beech Ave,1 Beech Ave,M4E 1A7,former Toronto,Toronto,,106001.0,2075.0,,,,4237.0,Beaches-East York,32.0,19.0,3835122.0,"Created in 1903, the historic park features a lawn bowling club, a playground and outdoor fitness equipment.",Y,-79.286510590319,43.6725546875392
75,,Kew Gardens Park,Nature/ Park,416-392-2489,,https://www.kew.org/kew-gardens,7683571.0,,7683571.0,2075.0,Queen St E,2075 Queen St E,M4L 1J1,former Toronto,Toronto,Kew Gardens,106001.0,2075.0,,,,4237.0,Beaches-East York,32.0,19.0,3835122.0,"Located in The Beaches, Kew Gardens act as one of Toronto''s most popular picnic grounds while having access to the boardwalk on the lakeshore.",Y,-79.2990896836228,43.6719887207446
76,,Koerner Hall (at the Telus Centre for Performance and Learning),Performing Arts,416-408-0208,,https://www.rcmusic.com/about-us/rcm-venue-rentals/koerner-hall,772768.0,,772768.0,273.0,Bloor St W,273 Bloor St W,M5S 1W2,former Toronto,Toronto,,102007.0,273.0,,,,458.0,University-Rosedale,20.0,11.0,3829169.0,"Koerner Hall is a 1,135 seat venue to provide excellent acoustic sounds for all genres of music in its '"shoebox'" designed venue.",Y,-79.3958590533545,43.6698553202174
77,,Lower Ossington Theatre,Performing Arts,416-915-6747,,http://lowerossingtontheatre.com/,1.4225628E7,,1.4225628E7,100.0,Ossington Ave,100 Ossington Ave,M6J 2Z4,former Toronto,Toronto,,115001.0,100.0,,,,4125.0,Spadina-Fort York,19.0,10.0,1525753.0,"A theatrical hub for downtown Toronto''s west end, the Lower Ossington Theatre is home to special presentations, rehearsals, and classes.",Y,-79.4196300853624,43.6483776856007
78,,Mackenzie House,Museum,416-392-6915,,https://www.toronto.ca/explore-enjoy/history-art-culture/museums/mackenzie-house/,773899.0,,773899.0,82.0,Bond St,82 Bond St,M5B 1X2,former Toronto,Toronto,Mackenzie House - Building Grounds,107008.0,82.0,,,,3029.0,Toronto Centre,27.0,13.0,3838139.0,"Mackenzie House is the restored home of William Lyon Mackenzie, Toronto''s first Mayor. It is one of 10 museums operated by the City of Toronto.",Y,-79.3782548822104,43.6576791969401
79,,Marie Curtis Park East Beach,Nature/ Park,311,,http://app.toronto.ca/tpha/beach/1.html,1.4077509E7,,1.4077509E7,2.0,Forty Second St,2 Forty Second St,,Etobicoke,Toronto,Marie Curtis Park,106001.0,2.0,,,,1631.0,Etobicoke-Lakeshore,6.0,3.0,1725205.0,Located at the mouth of Etobicoke Creek near the foot of Forty-Second Street. Most users of this beach come from the bordering Long Branch community.,Y,-79.5418841087542,43.588760151211
80,,Massey Hall,Performing Arts,416-872-4255,,https://www.masseyhall.com/,7642517.0,,7642517.0,178.0,Victoria St,178 Victoria St,M5B 1T7,former Toronto,Toronto,,107010.0,178.0,,,,9790.0,Toronto Centre,27.0,13.0,3323556.0,"Declared a heritage building in  the 1970s, this live events venue acts as a performance venue for various artists.",Y,-79.378570671925,43.6558155242078
81,,Mattamy Athletic Centre,Sports / Entertainment Venue,416-979-5339,,https://www.mattamyathleticcentre.ca/,3.0018522E7,,3.0018522E7,50.0,Carlton St,50 Carlton St,M5B 1J2,former Toronto,Toronto,Ryerson University  Athletic Centre,102008.0,50.0,,,,3116.0,Toronto Centre,27.0,13.0,3326694.0,"Mattamy Athletic Centre is located within Maple Leafs Garden and is home to the Ryerson Ram''s basketball, hockey and volleyball teams.",Y,-79.3801144393073,43.6638177384888
82,,Medieval Times Dinner and Tournament,Performing Arts,1-866-543-9637,,https://www.medievaltimes.com/,1.3497566E7,,1.3497566E7,10.0,Dufferin St,10 Dufferin St,M6K 3C3,former Toronto,Toronto,,107007.0,10.0,,,,557.0,Spadina-Fort York,19.0,10.0,1724342.0,"A family dinner theatre featuring staged medieval-style games, sword-fighting, and jousting performed by a cast of actors and horses.",Y,-79.4253077328489,43.6346962959367
83,,Metro Toronto Convention Centre,Convention & Trade Centres,416-585-8000,,https://www.mtccc.com/,1.3977191E7,,1.3977191E7,222.0,Bremner Blvd,222 Bremner Blvd,M5V 3L9,former Toronto,Toronto,,107002.0,222.0,,,,11078.0,Spadina-Fort York,20.0,10.0,4061888.0,"Offers more than 600,000 square feet of large exhibit, event, and meeting space.",Y,-79.38469775815,43.6446836658206
84,,Montgomery's Inn,Museum,416-394-8113,,https://www.toronto.ca/explore-enjoy/history-art-culture/museums/montgomerys-inn/,9340380.0,,9340380.0,4709.0,Dundas St W,4709 Dundas St W,M9A 1A8,Etobicoke,Toronto,,107008.0,4709.0,,,,558.0,Etobicoke Centre,4.0,2.0,3230370.0,"A museum that was once a historic home, visitors can delve into the lifestyle of a 19th century Irish farm family with access to the bedrooms, kitchen wing and much more.",Y,-79.525461029977,43.653675712059
85,,MuchMusic (Bell Media Queen Street),Landmark,416-591-5757,,https://www.much.com/,3948802.0,,3948802.0,299.0,Queen St W,299 Queen St W,M5V 2Z5,former Toronto,Toronto,,104008.0,299.0,,,,4238.0,Spadina-Fort York,20.0,10.0,3079761.0,A Canadian television channel dedicated to engaging the youth through popular music and popular television series.,Y,-79.3901779495508,43.6515504597024
86,,Museum of Contemporary Canadian Art,Gallery,416-395-0067,,https://moca.ca/,8038152.0,,8038152.0,158.0,Sterling Rd,158 Sterling Rd,M6R 2B7,former Toronto,Toronto,,115001.0,158.0,,,,4486.0,Davenport,18.0,9.0,2100309.0,"A variety of original and thought-provoking exhibitions, promoting innovative art by Canadian and international artists. Over 800 artists have been featured in more than 80 exhibitions and projects.",N,-79.4457650364928,43.6565879174555
87,,Mysteriously Yours Mystery Dinner Theatre,Performing Arts,416-486-7469,,https://mysteriouslyyours.ca/,7730034.0,,1.0430693E7,33.0,Gerrard St E,33 Gerrard St W,M5G 1Z4,former Toronto,Toronto,,115001.0,2026.0,,,,4733.0,University-Rosedale,27.0,11.0,2489893.0,Mysteriously Yours. Mystery Dinner Theatre is a murder mystery dinner theatre located in  Downtown Toronto.,Y,-79.3828287830121,43.6604336630428
88,,Native Earth Performing Arts & Aki Studio,Performing Arts,416-531-1402,,https://www.nativeearth.ca/,3.002228E7,,3.002228E7,585.0,Dundas St E,585 Dundas St E,M5A 2B7,former Toronto,Toronto,,100002.0,585.0,,,,3334.0,Toronto Centre,28.0,13.0,3217102.0,Native Earth Performing Arts is a theatre company devoted to the artistic expression of the Indigenous experience. Located in Daniels Spectrum.,Y,-79.3617415183511,43.6620846864797
89,,Old City Hall,Landmark,416-338-0338,,https://www.toronto.ca/311/knowledgebase/kb/docs/articles/Corporate-Real-Estate-Management/facilities-management/old-city-hall-toronto-courthouse.html,8068212.0,,8068212.0,60.0,Queen St W,60 Queen St W,M5H 2M3,former Toronto,Toronto,Old City Hall - Building Grounds,104001.0,60.0,,,,4238.0,Toronto Centre,27.0,13.0,3838088.0,"Old City Hall is a landmark building that was used as Toronto''s second City Hall and is a great example of beautiful architecture. Today, it is used as a courthouse.",Y,-79.3815525785401,43.6541024278247
90,,Onsite [at] OCADU,Gallery,416-977-6000,,https://www.ocadu.ca/gallery/onsite,7929608.0,,7929608.0,199.0,Richmond St W,199 Richmond St W,M5V 0H4,former Toronto,Toronto,,104008.0,199.0,,,,4277.0,Spadina-Fort York,20.0,10.0,2662467.0,Onsite [at] OCAD U provides the opportunity and space of an art gallery to exhibit students contemporary work.,Y,-79.3882096127348,43.6514164388418
91,,Ontario Science Centre,Attraction,416-696-1000,,https://www.ontariosciencecentre.ca/,507987.0,,507987.0,770.0,Don Mills Rd,770 Don Mills Rd,M3C 1T3,North York,Toronto,,107010.0,770.0,,,,100.0,Don Valley East,26.0,16.0,2925984.0,"Home to fascinating interactive experiences with over 500 engaging exhibits, live demonstrations, IMAX films, and Torontos only public planetarium.",Y,-79.337944641102,43.7184425543837
92,,Osgoode Hall,Landmark,416-947-3300,,https://www.osgoode.yorku.ca/,1.4200071E7,,1.4200071E7,130.0,Queen St W,130 Queen St W,M5H 2N6,former Toronto,Toronto,,115001.0,130.0,,,,4238.0,Spadina-Fort York,27.0,10.0,1842308.0,"Constructed in the 19th century, Osgoode Hall acts as the judicial landmark of Toronto, with institutions like the Ontario Court of Appeal, the Law Society of Upper Canada, and the Divisional Court of the Superior Court of Justice.",Y,-79.3847486562494,43.6536678598664
93,,CAA Theatre (formerly Panasonic Theatre),Performing Arts,416-872-1212,,https://www.mirvish.com/theatres/caa-theatre,9941951.0,,9941951.0,651.0,Yonge St,651 Yonge St,M4Y 1Z9,former Toronto,Toronto,,115001.0,651.0,,,,4733.0,Toronto Centre,27.0,13.0,1888490.0,"Owned by Mirvish Productions, the CAA Theatre is the home of many famous theatrical productions.",Y,-79.3853549322838,43.670112787611
94,,Polson Pier,Attraction,416-469-5655,,https://www.polsonpier.com/,9213006.0,,9213006.0,11.0,Polson St,11 Polson St,M5A 1A4,former Toronto,Toronto,,115001.0,11.0,,,,4205.0,Toronto-Danforth,30.0,14.0,2756589.0,"Located on the water, the Polson Pier is a waterfront property that includes a drive-in cinema, patio bar, concert venues, and much more.",Y,-79.3545018157681,43.6430856834065
95,,Princess of Wales Theatre,Performing Arts,416-872-1212,,https://www.mirvish.com/theatres/princess-of-wales-theatre,1.0180377E7,,1.0180377E7,300.0,King St W,300 King St W,M5V 1J2,former Toronto,Toronto,,115001.0,300.0,,,,3780.0,Spadina-Fort York,20.0,10.0,1701544.0,Owned by Mirvish Productions. The Princess of Wales Theatre opened in 1993 and is the home  of many famous theatrical productions,Y,-79.3891201050389,43.6490446119187
96,,Queen Elizabeth Theatre,Performing Arts,416-263-3293,,https://queenelizabeththeatre.ca/,1.3497595E7,,1.3497595E7,190.0,Princes' Blvd,190 Princes' Blvd,M6K 3C3,former Toronto,Toronto,,107007.0,190.0,,,,20228.0,Spadina-Fort York,19.0,10.0,4163956.0,"Located at Exhibition Place, the Queen Elizabeth Theatre is an auditorium that is the venue for various entertainment events",N,-79.4211795128198,43.6347273873487
97,,Queen's Park: Legislative Assembly of Ontario,Landmark,416-325-7500,,https://www.ola.org/en/visit-learn/parliament-government/explore-queens-park,8128874.0,,8128867.0,110.0,Wellesley St W,110 Wellesley St W,,former Toronto,Toronto,,115001.0,111.0,,,,4649.0,University-Rosedale,27.0,11.0,3228046.0,"A variety of free tour options are available all year round to visit Ontarios historic Legislative Building (iconic sandstone Richardson Romanesque style building, completed in 1893).",Y,-79.3915717398634,43.6668695707011
98,,Randolph Centre for the Arts,Performing Arts,416-924-2243,,http://www.randolphcentreforthearts.com/,6924860.0,,6924860.0,736.0,Bathurst St,736 Bathurst St,M5S 2R4,former Toronto,Toronto,,109001.0,736.0,,,,436.0,University-Rosedale,19.0,11.0,1515880.0,The historic Randolph Theatre is a 500-seat theatre located in a former Gothic revival style church.,N,-79.4106772674961,43.6655854751761
99,,Redpath Sugar Museum,Museum,416-366-3561,,https://www.redpathsugar.com/,8351189.0,,8351189.0,95.0,Queens Quay E,95 Queens Quay E,M5E 1A3,former Toronto,Toronto,,115001.0,95.0,,,,4243.0,Spadina-Fort York,28.0,10.0,2740306.0,"Located inside the Redpath Refinery, the Redpath Sugar Museum is for those interested in the history of sugar, the development and the role of the Redpath family in Canada''s industry sector, and much more.",Y,-79.3701978777063,43.6445472149093
100,,Coca-Cola Coliseum (formerly Ricoh Coliseum),Sports / Entertainment Venue,416-263-3900,,https://www.coca-colacoliseum.com/,1.3497818E7,,1.3497818E7,45.0,Manitoba Dr,45 Manitoba Dr,M6K 3C3,former Toronto,Toronto,CNE Coca-Cola Coliseum,107007.0,45.0,,,,3906.0,Spadina-Fort York,19.0,10.0,3800212.0,"Located at Exhibition Place, the Coca-Cola Coliseum is home to the Toronto Marlies (American Hockey League) and concerts.",Y,-79.4148922409211,43.637791090945
101,,Ripley's Aquarium of Canada,Attraction,647-351-3474,,https://www.ripleyaquariums.com/canada/,3.0025661E7,,3.0025661E7,288.0,Bremner Blvd,288 Bremner Blvd,M5V 3L9,former Toronto,Toronto,,106008.0,288.0,,,,11078.0,Spadina-Fort York,20.0,10.0,3212213.0,"Canadas largest aquarium. Interactive attractions feature over 5.7 million litres of water and more than 16,000 marine animals.",Y,-79.3858355016889,43.6443778070003
102,,Riverdale Farm,Attraction,416-392-6794,,http://riverdalefarmtoronto.ca/,7684079.0,,7684079.0,201.0,Winchester St,201 Winchester St,M4X 1B8,former Toronto,Toronto,,106001.0,201.0,,,,4697.0,Toronto Centre,28.0,13.0,4240791.0,"On 7.5 acres, Riverdale Farm is an historic working farm with many scenic pathways and farm animals.",Y,-79.3608526645466,43.6693197908388
103,,Riverdale Park (East and West),Nature/ Park,416-392-2489,,https://www.toronto.ca/data/parks/prd/facilities/complex/343/index.html,4840437.0,,4840437.0,550.0,Broadview Ave,550 Broadview Ave,,former Toronto,Toronto,Riverdale Park East,115001.0,550.0,,,,44.0,Toronto-Danforth,30.0,14.0,3836161.0,"A Toronto park that is great for all seasons. Riverdale Park West has three multipurpose sport fields, seven tennis courts, an outdoor ice rink, two baseball diamonds, and much more.",Y,-79.3543852325392,43.6728197325818
104,,Rogers Centre,Sports / Entertainment Venue,416-341-1000,,https://www.mlb.com/bluejays/ballpark,5866193.0,,5866193.0,1.0,Blue Jays Way,1 Blue Jays Way,M5V 1J4,former Toronto,Toronto,The Dome,106008.0,1.0,,,,11088.0,Spadina-Fort York,20.0,10.0,3819271.0,The Rogers Centre is a multipurpose venue. Home to the Toronto Blue Jays (Major League Baseball) and the Toronto Argonauts (Canadian Football League).,Y,-79.3891718446234,43.6441781003267
105,,Rosetta McClain Gardens,Nature/ Park,416-392-8188,,www.toronto.ca/data/parks/prd/facilities/complex/19/index.html,2893748.0,,2893748.0,5.0,Glen Everest Rd,5 Glen Everest Rd,M1N 1J2,Scarborough,Toronto,,106001.0,5.0,,,,7980.0,Scarborough Southwest,36.0,20.0,4094638.0,"The Rosetta McClain Gardens is a great place to safely see the Scarborough Bluffs and has beautiful rose gardens. There are signs available in braille, textured paths, raised planters, and a ramp to ensure accessibility.",Y,-79.2554470330807,43.6994158658252
106,,Rouge Beach Park,Nature/ Park,311,,https://www.toronto.ca/data/parks/prd/facilities/complex/340/index.html,2.0044128E7,,2.0044128E7,195.0,Rouge Hills Dr,195 Rouge Hills Dr,M1C 2Y9,Scarborough,Toronto,Rouge Park - Rouge Beach Park,106001.0,195.0,,,,8843.0,Scarborough-Rouge Park,44.0,25.0,4061645.0,"One of Toronto''s designated swimming beaches, Rouge Beach has two distinct areas a white sand beach and a marsh habitat.",Y,-79.1211886464507,43.7936703813361
107,,Rouge National Urban Park,Nature/ Park,416-264-2020,,https://www.pc.gc.ca/en/pn-np/on/rouge,6349679.0,,6349679.0,1749.0,Meadowvale Rd,1749 Meadowvale Rd,M1B 5W8,Scarborough,Toronto,Rouge Valley Conservation Centre,115001.0,1749.0,,,,8470.0,Scarborough-Rouge Park,42.0,25.0,3809023.0,"Canada''s first national park within an urban area, the park is Toronto''s largest. It features hiking trails, a campground and Rouge Beach.",Y,-79.1716576920731,43.8203769465488
108,,Roy Thomson Hall,Performing Arts,416-872-4255,,https://www.roythomsonhall.com/,868439.0,,868439.0,60.0,Simcoe St,60 Simcoe St,M5J 2H5,former Toronto,Toronto,,107010.0,60.0,,,,4411.0,Spadina-Fort York,20.0,10.0,2690432.0,"Opened in 1982, Roy Thomson Hall is home of the Toronto Symphony Orchestra and the Toronto Mendelssohn Choir.",Y,-79.3862510843023,43.6486976530181
109,,Royal Alexandra Theatre,Performing Arts,416-872-1212,,https://www.mirvish.com/theatres/royal-alexandra-theatre,7929660.0,,7929660.0,260.0,King St W,260 King St W,M5V 1H9,former Toronto,Toronto,,107002.0,260.0,,,,3780.0,Spadina-Fort York,20.0,10.0,2869253.0,Owned by Mirvish Productions. The Royal Alexandra Theatre built in beaux-arts architectural style in 1907. It is home to numerous performances and performers.,Y,-79.3874427901689,43.649449438223
110,,Royal Conservatory of Music,Performing Arts,416-408-2824,,https://www.rcmusic.com/,772768.0,,772768.0,273.0,Bloor St W,273 Bloor St W,M5S 1W2,former Toronto,Toronto,,102007.0,273.0,,,,458.0,University-Rosedale,20.0,11.0,3829169.0,The Toronto Conservatory of Music was founded in 1886.,Y,-79.3958590533545,43.6698553202174
111,,Royal Ontario Museum,Museum,416-586-8000,,https://www.rom.on.ca/en,3.0022473E7,,3.0022473E7,100.0,Queen's Park,100 Queen's Park,M5S 2C6,former Toronto,Toronto,,107008.0,100.0,,,,11267.0,University-Rosedale,20.0,11.0,3268694.0,"Canadas largest museum of natural history and world cultures, presents engaging galleries of art, archaeology, and natural science from around the world.",Y,-79.3940126062519,43.6697942953825
112,,Ryerson Image Centre,Gallery,416-979-5164,,https://ryersonimagecentre.ca/,3.0022231E7,,3.0022231E7,33.0,Gould St,33 Gould St,M5B 1E9,former Toronto,Toronto,,104008.0,33.0,,,,3563.0,Toronto Centre,27.0,13.0,3029307.0,"The RIC is dedicated to the public exhibition, research, study and teaching of photography including, installation art and film and media.",Y,-79.3790627538868,43.6596609269509
113,,Ryerson Theatre,Performing Arts,416-979-5009,,https://www.ryerson.ca/university-business-services/event-space-reservations/theatre/,7641981.0,,7641981.0,43.0,Gerrard St E,43 Gerrard St E,,former Toronto,Toronto,,115001.0,43.0,,,,3495.0,Toronto Centre,27.0,13.0,3091475.0,"Ryerson Theatre is home to various productions which includes concerts, film presentations, and Ryerson Theatre and Fashion Schools productions.",N,-79.3788537895224,43.6615913679868
114,4th Floor,Sarah and Chaim Neuberger Holocaust Education Centre,Museum,416-631-5689,,https://www.holocaustcentre.com/,487321.0,,487321.0,4600.0,Bathurst St,4600 Bathurst St,M2R 3V2,North York,Toronto,,104008.0,4600.0,,,,436.0,York Centre,10.0,6.0,3154829.0,"The Sarah and Chaim Neuberger Holocaust Education Centre provides all its visitors a complete understanding of the Holocaust.30, 000 students pass through its doors during educational trips.",N,-79.4409234699692,43.766501766674
115,,Scarborough Museum,Museum,416-338-8807,,https://www.toronto.ca/explore-enjoy/history-art-culture/museums/scarborough-museum/,1.3967651E7,,1.3967651E7,1007.0,Brimley Rd,1007 Brimley Rd,M1P 3E8,Scarborough,Toronto,,107008.0,1007.0,,,,7435.0,Scarborough Centre,38.0,21.0,3301567.0,The Scarborough Museum and its gardens are located within Thomson Memorial Park.It is one of 10 museums operated by the City of Toronto.The Museum looks back on the story of Scarborough's roots and history.,Y,-79.2562306424027,43.7600444383423
116,,Scarborough Village Theatre,Performing Arts,416-267-9292,,https://theatrescarborough.com/,5045390.0,,5045390.0,3600.0,Kingston Rd,3600 Kingston Rd,M1M 1R9,Scarborough,Toronto,Scarborough Village Recreation Centre - Building Grounds,106007.0,3600.0,,,,3786.0,Scarborough-Guildwood,36.0,24.0,3838356.0,"Theatre Scarborough is an umbrella organization consisting of Scarborough Music Theatre, Scarborough Players, and Scarborough Theatre Guild. Performances take place at the Scarborough Village Community Centre.",Y,-79.2165521776518,43.741991486392
117,,Solar Stage Children's Theatre,Performing Arts,416-368-8031,,https://solarstage.on.ca/,2.0259082E7,,578559.0,601.0,Christie St,601 Christie St,M6G 4C7,former Toronto,Toronto,,104008.0,4950.0,,,,4733.0,Toronto-St. Paul's,21.0,12.0,1881534.0,Solar Stage Children's Theatre is dedicated to providing theatrical presentations for children.,N,-79.4238961016719,43.6819574485707
118,,Meridian Hall (formerly Sony Centre for the Performing Arts),Performing Arts,416-368-6161,,http://www.meridianhall.com/,1.1070359E7,,1.1070359E7,1.0,Front St E,1 Front St E,M5E 1B2,former Toronto,Toronto,,107010.0,1.0,,,,3471.0,Toronto Centre,28.0,13.0,3311717.0,"Meridian Hall is a performing arts venue with a range of events that include concerts, dance, and much more.",Y,-79.3759983187062,43.6485784438655
119,,Sugar Beach Park,Nature/ Park,416-338-4386,,https://www.toronto.ca/data/parks/prd/facilities/complex/2261/index.html,3.0017889E7,,3.0017889E7,11.0,Dockside Dr,11 Dockside Dr,,former Toronto,Toronto,,106001.0,11.0,,,,19432.0,Spadina-Fort York,28.0,10.0,4163708.0,Sugar Beach is one of Toronto's urban beach parks. Famous for its pink umbrellas and Muskoka chairs.,Y,-79.3673444488914,43.6455643704739
120,,Spadina Museum,Museum,416-392-6910,,https://www.toronto.ca/explore-enjoy/history-art-culture/museums/spadina-museum/,7986457.0,,7986457.0,285.0,Spadina Rd,285 Spadina Rd,M5R 2V5,former Toronto,Toronto,Spadina Museum - Historic House And Gardens - Building Grounds,107008.0,285.0,,,,4428.0,Toronto-St. Paul's,22.0,12.0,3838338.0,"Operated by the City of Toronto, the Spadina Museum is a historic manor house that allows visitors to learn about the history and architecture of  late 19th century to early 20th century Toronto.",Y,-79.408129078813,43.6810266590651
121,,St. James Park,Nature/ Park,416-392-2489,,https://www.toronto.ca/data/parks/prd/facilities/complex/408/index.html,8344747.0,,8344747.0,120.0,King St E,120 King St E,,former Toronto,Toronto,,106001.0,120.0,,,,3779.0,Toronto Centre,28.0,13.0,4238743.0,"A large green space, home to a Victorian garden, live performances, and is a popular spot for photos. The park is adjacent to historic St. James Cathedral.",Y,-79.3723739210341,43.6525667380652
122,,St. Lawrence Centre for the Arts,Performing Arts,416-366-1656,,http://www.stlc.com/,8351140.0,,8351140.0,27.0,Front St E,27 Front St E,M5E 1B4,former Toronto,Toronto,,115001.0,27.0,,,,3471.0,Toronto Centre,28.0,13.0,3128630.0,"Home to  two theatres, the Bluma Appel Theatre and the Jane Mallett Theatre, the St. Lawrence Centre for the Arts is the home to various artistic and public events.",Y,-79.3750142591045,43.6494041113268
123,,St. Lawrence Market and Market Gallery,Attraction,416-392-7219,,http://www.stlawrencemarket.com/,1.1075763E7,,1.107576E7,93.0,Front St E,93 Front St E,M5E 1C3,former Toronto,Toronto,,115001.0,95.0,,,,3471.0,Toronto Centre,28.0,13.0,1977101.0,"Voted best fresh food market in the world by National Geographic in 2012, Torontos historic and premier market also includes The Market Gallery, housed within part of Torontos original 19th century City Hall.",Y,-79.3714104009798,43.6511434617478
124,,Steam Whistle Brewery,Attraction,647-697-0859,,https://steamwhistle.ca/,3.0022193E7,,1.4172191E7,255.0,Bremner Blvd,255 Bremner Blvd,M5V 3M9,former Toronto,Toronto,Roundhouse Park,115001.0,255.0,,,,11078.0,Spadina-Fort York,20.0,10.0,3836923.0,"A microbrewery located in downtown Toronto, Steam Whistle Brewery produces a premium pale lager composed of only four ingredients.",Y,-79.3851853298275,43.6437271938888
125,,CF Sherway Gardens,Landmark,416-621-1070,,https://www.cfshops.com/sherway-gardens.html,3327188.0,,0.0,25.0,The West Mall,25 The West Mall,M9C 1B8,Etobicoke,Toronto,,0.0,0.0,,,,0.0,Etobicoke-Lakeshore,5.0,3.0,0.0,An upscale shopping centre in Toronto's West end.,,-79.5570120906651,43.6139454842345
126,,Sunnyside Beach,Nature/ Park,311,,https://www.toronto.ca/data/parks/prd/facilities/complex/394/index.html,6814671.0,,6814671.0,1755.0,Lake Shore Blvd W,1755 Lake Shore Blvd W,M6S 5A3,former Toronto,Toronto,Sunnyside Park,106001.0,1755.0,,,,1962.0,Parkdale-High Park,13.0,4.0,3025447.0,"One of Toronto''s designated swimming beaches, Sunnyside Beach provides rowers and paddlers calm waters with an offshore break wall.",Y,-79.4572327124193,43.6396986705767
127,,Taras H. Shevchenko Museum,Museum,416-534-8662,,http://www.infoukes.com/shevchenkomuseum/,1.1394912E7,,1.1394917E7,1604.0,Bloor St W,1604 Bloor St W,M6P 1A7,former Toronto,Toronto,,115001.0,1614.0,,,,458.0,Parkdale-High Park,14.0,4.0,4126953.0,The Taras H. Shevchenko Museum is the home to  exhibitions dedicated to the contribution of Ukrainians in Canada and the life of famed writer Taras Shevchenko.,N,-79.455051931212,43.6579773800928
128,,Tarragon Theatre,Performing Arts,416-531-1827,,http://www.tarragontheatre.com/,7994659.0,,7994659.0,30.0,Bridgman Ave,30 Bridgman Ave,M5R 1X3,former Toronto,Toronto,,107002.0,30.0,,,,3060.0,Toronto-St. Paul's,21.0,12.0,2754414.0,The Tarragon Theatre is a performing arts centre  notable for the development of playwrights. Over 170 works have premiered at the theatre.,Y,-79.4126611860157,43.6769027484073
129,,Textile Museum of Canada,Museum,416-599-5321,,https://textilemuseum.ca/,7792171.0,,7792171.0,55.0,Centre Ave,55 Centre Ave,M5G 2H5,former Toronto,Toronto,,100001.0,55.0,,,,9796.0,Spadina-Fort York,27.0,10.0,2976162.0,"With more than 13,000 objects from more than 200 countries and regions, the Textile Museum of Canada celebrates cultural diversity through traditional fabrics, garments, carpets and related artifacts such as beadwork and basketry.",Y,-79.3864533344223,43.6565772998496
130,,The 48th Highlanders Museum,Museum,416-635-4440,,http://www.48highlanders.com/04_03.html,868441.0,,868441.0,73.0,Simcoe St,73 Simcoe St,M5J 1W9,former Toronto,Toronto,,100001.0,73.0,,,,4411.0,Spadina-Fort York,20.0,10.0,2235601.0,"This museum is dedicated to one of Canada''s famous military regiments. The museum holds historical artifacts dating from Victorian Toronto in 1891, when the 48th Highlanders was formed, to the present day.",N,-79.3853532345769,43.648778569482
131,,The Bata Shoe Museum,Museum,416-979-7799,,https://batashoemuseum.ca/,8408594.0,,8408594.0,327.0,Bloor St W,327 Bloor St W,M5S 1W7,former Toronto,Toronto,,115001.0,327.0,,,,458.0,University-Rosedale,20.0,11.0,2243147.0,"Home to hundreds of shoes (from a collection numbering over 13,000). The museum celebrates the style and function of footwear in impressive galleries from ancient Egypt to modern fashion.",Y,-79.3999486403179,43.6692312650026
132,,The Danforth Music Hall,Performing Arts,416-778-8163,,http://thedanforth.com/,1.4075977E7,,1.4075977E7,147.0,Danforth Ave,147 Danforth Ave,M4K 1N2,former Toronto,Toronto,,115001.0,147.0,,,,86.0,Toronto-Danforth,30.0,14.0,2653715.0,"The Music Hall boasts new theatre seats, state-of-art sound and lighting and a completely renovated backstage area.",Y,-79.3568217007348,43.6781980206842
133,(Mill Street and Parliament),The Distillery Historic District,Landmark,416-364-1177,,https://www.thedistillerydistrict.com/,3.0031582E7,,3.0031582E7,55.0,Mill St,55 Mill St,M5A 3C4,former Toronto,Toronto,,115001.0,55.0,,,,9816.0,Spadina-Fort York,28.0,10.0,3231660.0,"A pedestrian-only historic area that represents the largest and best preserved collection of Victorian Industrial Architecture in North America. The refurbished warehouses are now home to restaurants, bars, galleries, studios, and a theatre.",Y,-79.3594616877865,43.6526373309724
134,,The Power Plant Contemporary Art Gallery,Gallery,416-973-4949,,http://www.thepowerplant.org/,2.0141759E7,,2.0141759E7,231.0,Queens Quay W,231 Queens Quay W,M5J 2G8,former Toronto,Toronto,,107002.0,231.0,,,,4244.0,Spadina-Fort York,20.0,10.0,2585330.0,"Dedicated to contemporary art, the Power Plant is a free public gallery located at the Harbourfront Centre.",N,-79.3819584299024,43.6406697594208
135,,The Second City,Performing Arts,416-343-0011,,https://www.secondcity.com/toronto/,2.0040556E7,,2.0040556E7,51.0,Mercer St,51 Mercer St,M5V 1H2,former Toronto,Toronto,,107002.0,51.0,,,,3980.0,Spadina-Fort York,20.0,10.0,3795500.0,Second City produces premiere comedy performances and operates a training centre.,Y,-79.3913376504474,43.6473732707324
136,,The Theatre Centre,Performing Arts,416-538-0988,,http://theatrecentre.org/,856913.0,,856913.0,1115.0,Queen St W,1115 Queen St W,M6J 1J1,former Toronto,Toronto,,104008.0,1115.0,,,,4238.0,Davenport,18.0,9.0,2475980.0,"The Theatre Centre supports artists who wish to develop works of an experimental or alternative nature. All their artists embrace the visual arts, music, dance and new media.",N,-79.4230841644117,43.6450984245657
137,,The Village Playhouse,Performing Arts,416-767-7702,,http://www.villageplayers.net/,1.3973721E7,,1.3973721E7,2190.0,Bloor St W,2190 Bloor St W,M6S 1N3,former Toronto,Toronto,,112001.0,2190.0,,,,458.0,Parkdale-High Park,13.0,4.0,2188628.0,"The Village Playhouse a non-profit theatre group that opened its doors in 1974 and has since produced plays such as Cat on a Hot Tin Roof, Amadeus and Dial ''M'' For Murder.",N,-79.4746093095286,43.6536519011144
138,,Theatre Passe Muraille,Performing Arts,416-504-7529,,http://passemuraille.ca/,8031682.0,,8031682.0,16.0,Ryerson Ave,16 Ryerson Ave,M5T 2P3,former Toronto,Toronto,,115001.0,16.0,,,,4350.0,Spadina-Fort York,20.0,10.0,2276519.0,Theatre Passe Muraille was Canadas original alternative theatre company. 600 Canadian plays have been produced since the company was founded in 1968.,Y,-79.4024127775791,43.6505996466293
139,,Thompson Landry Gallery - Stone Building & Cooperage Space,Gallery,416-364-4955,,http://www.thompsonlandry.com/,3.003213E7,,3.0032108E7,32.0,Distillery Lane,32 Distillery Lane,M5A 3C4,former Toronto,Toronto,,115001.0,6.0,,,,4574.0,Spadina-Fort York,28.0,10.0,3232766.0,"The Thompson Landry Gallery is spread out over 6,000 square feet and showcases artwork from internationally acclaimed contemporary Quebec artists. The gallery opened in 2009 and is situated within the Distillery District''s Cooperage Building.",N,-79.3599894158372,43.6517463221062
140,,TIFF Bell Lightbox,Landmark,416-599-2033,,https://www.tiff.net/,1.4659357E7,,1.4659357E7,350.0,King St W,350 King St W,M5V 3X5,former Toronto,Toronto,,104008.0,350.0,,,,3780.0,Spadina-Fort York,20.0,10.0,1604772.0,"The TIFF Bell Lightbox is the home of the Toronto International Film Festival and a year-round destination for unique screenings, themed festivals, and exhibitions. It also houses two restaurants.",Y,-79.3902515461928,43.6486451161013
141,,Todmorden Mills Heritage Site,Landmark,416-396-2819,,https://www.toronto.ca/explore-enjoy/history-art-culture/museums/todmorden-mills/,1.0833995E7,,1.0833995E7,67.0,Pottery Rd,67 Pottery Rd,M4K 2B9,East York,Toronto,Todmorden Mills Park,107008.0,67.0,,,,293.0,Toronto-Danforth,29.0,14.0,4138865.0,Todmorden Mills Heritage Site is situated within the Don Valley and is located beside a 9.2 hectare wildflower preserve. It features historic buildings such as the Brewery building and the Papermill theatre and gallery.,Y,-79.3601346791559,43.6883594323143
142,,Tommy Thompson Park,Nature/ Park,416-661-6600,,https://tommythompsonpark.ca/,1.3366891E7,,1.3366891E7,1.0,Leslie St,1 Leslie St,,former Toronto,Toronto,,106001.0,1.0,,,,225.0,Toronto-Danforth,32.0,14.0,3029400.0,"This narrow peninsula park is a perfect place for hiking, jogging, cycling and birdwatching, with 10km of paved trails.",Y,-79.3213924362603,43.6531849402458
143,,Toronto Botanical Gardens and Edwards Gardens,Nature/ Park,416-397-1340,,https://torontobotanicalgarden.ca/,2.001533E7,,2.001533E7,777.0,Lawrence Ave E,777 Lawrence Ave E,M3C 1P2,North York,Toronto,Edwards Gardens (Civic Garden Centre),106001.0,777.0,,,,3828.0,Don Valley West,25.0,15.0,2803401.0,"Located at the stunning Edwards Gardens, Toronto Botanical Garden features award-winning themed gardens and an indoor education/interpretation facility.",Y,-79.3584635916899,43.7363364065238
144,,Meridian Arts Centre (formerly Toronto Centre for the Arts),Performing Arts,416-733-9388,,http://www.meridianartscentre.com/,1.4072465E7,,1.4072465E7,5040.0,Yonge St,5040 Yonge St,M2N 6R8,North York,Toronto,,115001.0,5040.0,,,,4733.0,Willowdale,23.0,18.0,2124525.0,"This venue features three unique stages to house a multitude of concerts, shows and events.",Y,-79.4138236624494,43.7682789222242
145,,Toronto City Hall and Nathan Phillips Square,Landmark,311,,https://www.toronto.ca/services-payments/venues-facilities-bookings/booking-city-facilities/city-hall/,856375.0,,856375.0,100.0,Queen St W,100 Queen St W,M5H 2N1,former Toronto,Toronto,,104001.0,100.0,,,,4238.0,Spadina-Fort York,27.0,10.0,3838404.0,"Toronto''s City Hall is one of Toronto''s best known and visited landmarks. Nathan Phillips Square located directly in front of City Hall, is the site of  the iconic Toronto sign, concerts, farmers'' markets, and iconic events.",Y,-79.3834258614978,43.6548206632272
146,,Toronto Congress Centre,Convention & Trade Centres,416-245-5000,,https://www.torontocongresscentre.com/,1.1047976E7,,1.1047976E7,650.0,Dixon Rd,650 Dixon Rd,M9W 1J1,Etobicoke,Toronto,,115001.0,650.0,,,,1470.0,Etobicoke North,2.0,1.0,2028111.0,"The Toronto Congress Centre opened in 1995 and now features over 1 million square feet of space for galas, meetings, trade shows and conventions,",Y,-79.5779744678935,43.692895731686
147,,Union Station,Transportation,311,,https://torontounion.ca/,1.0864313E7,,1.0864313E7,65.0,Front St W,65 Front St W,M5J 1E6,former Toronto,Toronto,,115001.0,65.0,,,,3472.0,Spadina-Fort York,28.0,10.0,2350095.0,"Union Station is the busiest transportation hub in all of Canada. It serves more than 250,000 passengers daily. Via Rail, the TTC, Go Transit and Amtrak all operate out of the station",Y,-79.3801454108119,43.6475184738269
148,,CF Toronto Eaton Centre,Landmark,416-598-8560,,https://www.cfshops.com/toronto-eaton-centre.html,7762825.0,,7762825.0,220.0,Yonge St,220 Yonge St,M5B 2H1,former Toronto,Toronto,Eaton Centre,107010.0,220.0,,,,4733.0,Toronto Centre,27.0,13.0,1899690.0,The Toronto Eaton Centre is downtown Toronto's only shopping mall. It features over 200 stores and restaurants as well as the sculpture called Flightstop designed by Michael Snow.,Y,-79.379910447201,43.6556679131384
149,Approximate address - Located on Toronto Island - take ferry from Jack Layton Ferry Terminal to Centre Island,Toronto Island Park,Nature/ Park,311,,https://www.toronto.ca/explore-enjoy/parks-gardens-beaches/toronto-island-park/,1.4258203E7,,1.4258203E7,1.0,Centre Island Pk,1 Centre Island Pk,,former Toronto,Toronto,,106001.0,1.0,,,,17507.0,Spadina-Fort York,28.0,10.0,4061641.0,"The Toronto Island Park is North America''s largest car free neighbourhood and is only a short ferry ride away from downtown Toronto. The park is features several attractions, beaches, restaurants, bike and boat rentals and plenty of open green space.",Y,-79.3770752909015,43.61721427079
150,,Toronto Music Garden,Nature/ Park,416-973-4000,,http://www.harbourfrontcentre.com/venues/torontomusicgarden/,1.397163E7,,1.397163E7,479.0,Queens Quay W,479 Queens Quay W,,former Toronto,Toronto,,106001.0,479.0,,,,4244.0,Spadina-Fort York,20.0,10.0,4156403.0,The Toronto Music Garden is situated on Toronto's newly revamped waterfront. The garden was designed by landscape designer Julie Moir Messervy and by the cellist Yo Yo Ma.,Y,-79.3932984112137,43.6392159143018
151,,Toronto Pearson International Airport,Transportation,416-247-7678,,https://www.torontopearson.com/en,0.0,,0.0,6301.0,Silver Dart Drive,,L5P 1B2,,Mississauga,,0.0,0.0,,,,0.0,,0.0,0.0,0.0,Canadas busiest airport with flights to over 180 destinations around the globe.,Y,-79.613161628188,43.6775023539927
152,,Toronto Police Museum & Discovery Centre,Museum,416-808-7020,,http://www.torontopolice.on.ca/museum/,7762664.0,,7762664.0,40.0,College St,40 College St,M5G 2J3,former Toronto,Toronto,Toronto Police Service Hq,103003.0,40.0,,,,9765.0,Toronto Centre,27.0,13.0,2561688.0,"The Toronto Police Museum & Discovery Centre occupies 3,000 square feet within the Police Headquarters building on College Street. The museum solely relies on private donations and is a not for profit registered charity.",N,-79.3849400713259,43.6633475888029
153,,Toronto Public Labyrinth at Trinity Square,Landmark or Attraction,416-338-4386,,http://www.labyrinthnetwork.ca/toronto-public-labyrinth/,7762784.0,,7762766.0,24.0,Trinity Sq,24 Trinity Sq,,former Toronto,Toronto,Trinity Square,109001.0,19.0,,,,11089.0,Toronto Centre,27.0,13.0,3835460.0,Trinity Square Park offers a unique age-old experience of meditating and relaxing while walking a labyrinth and focusing on personal self-awareness and spiritual growth.,N,-79.3816414594175,43.6562147143283
154,,Toronto Railway Museum,Museum,416- 214-9229,,https://torontorailwaymuseum.com/,3.0022193E7,,1.4172191E7,255.0,Bremner Blvd,255 Bremner Blvd,M5V 3M9,former Toronto,Toronto,Roundhouse Park,115001.0,255.0,,,,11078.0,Spadina-Fort York,20.0,10.0,3836923.0,"The Toronto Railway Museum encompasses the Canadian Pacific Railway John Street Roundhouse at Roundhouse Park and features a restored turntable, a number of trains and the 1896 Canadian Pacific Don Station.",Y,-79.3851853298275,43.6437271938888
155,,Toronto Reference Library,Landmark,416-395-5577,,https://www.torontopubliclibrary.ca/torontoreferencelibrary/,8677433.0,,8677433.0,789.0,Yonge St,789 Yonge St,M4W 2G8,former Toronto,Toronto,Toronto Reference Public Library,107009.0,789.0,,,,4733.0,University-Rosedale,27.0,11.0,3006667.0,The Toronto Reference Library is situated in a 5 storey building within the Yorkville neighbourhood. It is the largest public reference library in Canada.,N,-79.3864707978445,43.6738775358313
156,,Toronto Sculpture Garden,Featured Park,416-392-4012,,https://www.toronto.ca/explore-enjoy/history-art-culture/public-art/public-art-monuments-collection/comp-sculpture-garden/,8344741.0,,8344741.0,115.0,King St E,115 King St E,M5C 1G6,former Toronto,Toronto,"Toronto Sculpture Garden,Church - King Parkette",115001.0,115.0,,,,3779.0,Toronto Centre,28.0,13.0,4238726.0,Since 1981 this small urban park has featured contemporary sculpture installations by various artists.,N,-79.3734645361671,43.6518456095473
157,(by the Skywalk),Toronto Tourist Information Centre,Visitor Information,416-392-9300,,https://www.toronto.ca/explore-enjoy/visitor-services/tourist-information-centres/,1.0864313E7,,1.0864313E7,65.0,Front St W,65 Front St W,M5J 1E6,former Toronto,Toronto,,115001.0,65.0,,,,3472.0,Spadina-Fort York,28.0,10.0,2350095.0,"The Toronto Tourist Information Centre provides travel advice and information to all its customers. Services include free Wi-Fi service, brochures and souvenirs. Located at the entrance to the Skywalk.",Y,-79.3801454108119,43.6475184738269
158,,Yuk Yuk's,Performing Arts,416-967-6431,,https://www.yukyuks.com/,7929614.0,,7929614.0,224.0,Richmond St W,224 Richmond St W,M5V 1V6,former Toronto,Toronto,,104008.0,224.0,,,,4277.0,Spadina-Fort York,20.0,10.0,2103957.0,Yuk Yuk's was established as a comedy club by Mark Breslin in 1976. It is located within Toronto's entertainment district and features various comedians doing their stand up routines.,Y,-79.3881630648333,43.6518696837228
159,,Toronto Zoo,Attraction,416-392-5900,,https://www.torontozoo.com/,6349687.0,,6349687.0,2000.0,Meadowvale Rd,2000 Meadowvale Rd,,Scarborough,Toronto,,106001.0,2000.0,,,,8470.0,Scarborough-Rouge Park,42.0,25.0,2128998.0,"The Toronto Zoo is one of the largest zoos in the world at 287 hectares (710 acres) and is known for interactive education and conservation activities. It is currently home to 2 giant pandas, and more than 5,000 animals representing over 500 species.",Y,-79.17813719971,43.8258722577434
160,,Toronto's First Post Office,Museum,416-865-1833,,http://www.townofyork.com/,1.4194698E7,,1.4194698E7,260.0,Adelaide St E,260 Adelaide St E,M5A 1N1,former Toronto,Toronto,,104008.0,260.0,,,,2851.0,Toronto Centre,28.0,13.0,2932547.0,Toronto's First Post Office acts as a museum but also continues to operate as a full service Canada Post office. Admission to the museum is by donation.,Y,-79.3703364980376,43.6539098238663
161,,Travellers' Aid Society of Toronto,Visitor Information,416-366-7788,,http://travellersaid.ca/,1.0864313E7,,1.0864313E7,65.0,Front St W,65 Front St W,M5J 1E6,former Toronto,Toronto,,115001.0,65.0,,,,3472.0,Spadina-Fort York,28.0,10.0,2350095.0,Travellers' Aid Society of Toronto operates two desks; one at Pearson International Airport and the other within Union Station's grand hall. They offer free services to the general travelling public.,Y,-79.3801454108119,43.6475184738269
162,,Ukrainian Museum of Canada,Museum,416-923-9861,,http://umcontario.com/,870140.0,,870140.0,620.0,Spadina Ave,620 Spadina Ave,M5S 2H4,former Toronto,Toronto,,102008.0,620.0,,,,4426.0,University-Rosedale,20.0,11.0,1870749.0,"The Ukrainian Museum of Canada features over 4,000 artifacts. These artifacts include prints, coins, maps jewellery, textiles and historic costumes.",N,-79.4020381246607,43.6639397316248
163,,Woodbine Racetracks,Attraction,416-675-7223,,https://woodbine.com/,1027360.0,,1027360.0,555.0,Rexdale Blvd,555 Rexdale Blvd,M9W 7G3,Etobicoke,Toronto,,106005.0,555.0,,,,2361.0,Etobicoke North,2.0,1.0,1492665.0,Offers both Standardbred and Thoroughbred racing and hosts many prominent events (including the Queens Plate)throughout the year.,Y,-79.605446341063,43.711000574598
164,,Art Museum at the University of Toronto,Gallery,416-978-1838,,https://artmuseum.utoronto.ca/,7793198.0,,7793198.0,15.0,King's College Crcl,15 King's College Crcl,M5S 3H7,former Toronto,Toronto,,115001.0,15.0,,,,11268.0,University-Rosedale,20.0,11.0,2923233.0,Originally opened in 1996 The Arts centre puts a special focus on study collections.,N,-79.3951385322816,43.6645409850473
165,,Village of Yorkville Park,Nature/ Park,416-338-4386,,https://www.bloor-yorkville.com/village-yorkville-park-green-space-gem/,9544521.0,,9544521.0,115.0,Cumberland St,115 Cumberland St,,former Toronto,Toronto,,115001.0,115.0,,,,3247.0,University-Rosedale,27.0,11.0,4089089.0,"The Village of Yorkville Park was built on the site of a former parking lot, in the heart of the Bloor Yorkville neighbourhood. The main focal point of the park is the rock which weighs 650 tonnes and is approximately 1 billion years old.",Y,-79.3914753653529,43.6720256753297
166,Approximate address - Located on Toronto Island - take ferry from 9 Queen's Quay West to Ward's Island,Ward's Island Beach,Nature/ Park,416-338-4386,,http://app.toronto.ca/tpha/beach/6.html,3814227.0,,3814227.0,40.0,Lakeshore Ave,40 Lakeshore Ave,M5J 1X8,former Toronto,Toronto,,100001.0,40.0,,,,3802.0,Spadina-Fort York,28.0,10.0,4162701.0,"Ward''s Island beach is located on the most Eastern part of the Toronto Islands. It features a residential neighbourhood, 2 restaurants, a beach and boardwalk.",Y,-79.354607651682,43.6316046472621
167,,Winchester Street Theatre,Performing Arts,416-967-1365,,http://winchester.tdt.org/,883562.0,,883562.0,80.0,Winchester St,80 Winchester St,M4X 1B2,former Toronto,Toronto,,112001.0,80.0,,,,4697.0,Toronto Centre,28.0,13.0,1907712.0,The Winchester Street Theatre is owned and jointly operated by the Toronto Dance Theatre and the School of Toronto Dance Theatre. The venue features rake seating and a stage that best showcases dance performances.,N,-79.366812358877,43.6684211850633
168,,Woodbine Beach,Nature/ Park,416-338-4386,,https://www.toronto.ca/data/parks/prd/facilities/complex/311/index.html,7650406.0,,7650406.0,1675.0,Lake Shore Blvd E,1675 Lake Shore Blvd E,M4L 3W6,former Toronto,Toronto,Woodbine Beach Park,106001.0,1675.0,,,,3803.0,Beaches-East York,32.0,19.0,4149245.0,Woodbine Beach is one of the city's main beaches. The park is located over 15.2 hectares.  Features include the Martin Goodman Trail and the Donald D. Summerville Outdoor Olympic Pool.,Y,-79.3109772629253,43.663540534279
169,,Woodbine Shopping Centre and Fantasy Fair,Attraction,416-674-5200,,http://www.fantasyfair.ca/,1027357.0,,1027357.0,500.0,Rexdale Blvd,500 Rexdale Blvd,M9W 6K5,Etobicoke,Toronto,,107003.0,500.0,,,,2361.0,Etobicoke North,2.0,1.0,1791913.0,The Woodbine Shopping Centre is located in the north western part of the city; close to Pearson Airport and Woodbine Racetrack. Fantasy Fair located within the mall is an indoor amusement park for children.  In 2015 it celebrates 30 years.,Y,-79.5998686048114,43.722374575158
170,,Yonge-Dundas Square,Landmark,416-979-9960,,https://www.ydsquare.ca/,1.4229809E7,,1.4229809E7,1.0,Dundas St E,1 Dundas St E,,former Toronto,Toronto,,106001.0,1.0,,,,3334.0,Toronto Centre,27.0,13.0,3149860.0,"Yonge-Dundas Square is one of the city''s largest public squares. It is located directly across from the Toronto Eaton Centre. The square is home to free movie screenings, concerts, shows and exhibits.",Y,-79.3802393117994,43.658191885632
171,,York Quay Centre,Landmark,416-967-6425,,http://www.harbourfrontcentre.com/,1.1226853E7,,1.1226853E7,235.0,Queens Quay W,235 Queens Quay W,M5J 2G8,former Toronto,Toronto,,115001.0,235.0,,,,4244.0,Spadina-Fort York,20.0,10.0,1995833.0,The York Quay Centre is part of the Harbourfront Centre.,N,-79.3829059195592,43.6412311144729
172,,Yorkdale Mall,Landmark,416-789-3261,,https://yorkdale.com/,509769.0,,509769.0,3401.0,Dufferin St,3401 Dufferin St,M6A 2T9,North York,Toronto,,107003.0,3401.0,,,,557.0,Eglinton-Lawrence,15.0,8.0,3035044.0,An upscale shopping centre in the northern part of Toronto.,Y,-79.4512705209003,43.7280688600998
173,,Young Centre for the Performing Arts,Performing Arts,416-866-8666,,https://www.youngcentre.ca/,3.0032214E7,,3.0032214E7,50.0,Tank House Lane,50 Tank House Lane,M5A 3C4,former Toronto,Toronto,,115001.0,50.0,,,,19560.0,Spadina-Fort York,28.0,10.0,3339458.0,"Opened in 2006 the Young Centre for the Performing Arts has seen more than 250,000 people attend its performances. The theatre is located within the Distillery Historic District.",Y,-79.3572584343792,43.652849553454
174,,Young People's Theatre,Performing Arts,416-862-2222,,https://www.youngpeoplestheatre.org/,8351482.0,,8351482.0,165.0,Front St E,165 Front St E,M5A 3Z4,former Toronto,Toronto,,115001.0,165.0,,,,3471.0,Toronto Centre,28.0,13.0,2731772.0,The Young People Theatre is a part of the Soulpepper theatre company located within the Distillery Historic District.,Y,-79.3685388069471,43.6519886365406
